net,layer,mult,gmac,Q1_ms,Q2_ms,Q3_ms,qauto_algo,qauto_ms,qbest_ms,f32auto_ms,openblas_ms,err_Q1,err_Q2,err_Q3
vgg16,conv1_1,1,0.086704,0.765076,1.018153,1.499541,Q1-direct,0.765076,0.765076,0.708917,2.245409,5.074e-03,5.074e-03,5.074e-03
vgg16,conv1_2,1,1.849688,4.102607,6.842921,4.700282,Q1-direct,4.102607,4.102607,6.736093,30.053737,5.499e-03,5.499e-03,5.499e-03
vgg16,conv2_1,1,0.924844,1.864633,2.741485,2.356694,Q1-direct,1.864633,1.864633,2.624363,9.942727,5.298e-03,5.298e-03,5.298e-03
vgg16,conv2_2,1,1.849688,3.824502,5.515408,4.317174,Q1-direct,3.824502,3.824502,5.201918,24.770289,4.992e-03,4.992e-03,4.992e-03
vgg16,conv3_1,1,0.924844,1.842797,2.356992,2.376602,Q1-direct,1.842797,1.842797,2.489834,9.572487,5.776e-03,5.776e-03,5.776e-03
vgg16,conv3_2,2,1.849688,3.948077,4.601027,4.643365,Q1-direct,3.948077,3.948077,4.757395,17.454340,5.070e-03,5.070e-03,5.070e-03
vgg16,conv4_1,1,0.924844,2.075960,3.089064,2.923837,Q1-direct,2.075960,2.075960,3.230477,7.724854,5.819e-03,5.819e-03,5.819e-03
vgg16,conv4_2,2,1.849688,3.857180,6.148200,5.661834,Q1-direct,3.857180,3.857180,7.317358,14.297948,5.720e-03,5.720e-03,5.720e-03
vgg16,conv5_x,3,0.462422,1.022281,2.366198,1.819063,Q1-direct,1.022281,1.022281,2.498882,4.829179,5.280e-03,5.280e-03,5.280e-03
resnet50,stem7x7s2,1,0.118014,0.529114,0.682016,-1000.000000,Q1-direct,0.529114,0.529114,0.902981,2.087715,5.684e-03,5.684e-03,-1.000e+00
resnet50,l1_1x1_64,3,0.012845,0.180415,0.099186,-1000.000000,Q2-im2col+gemm,0.099186,0.099186,0.214526,0.158778,4.117e-03,4.117e-03,-1.000e+00
resnet50,l1_3x3,3,0.115606,0.436335,0.705199,0.556388,Q1-direct,0.436335,0.436335,0.490221,2.194595,6.555e-03,6.555e-03,6.555e-03
resnet50,l1_1x1_up,4,0.051380,0.387101,0.305546,-1000.000000,Q2-im2col+gemm,0.305546,0.305546,0.489289,0.560713,5.387e-03,5.387e-03,-1.000e+00
resnet50,l2_1x1_red_s1,1,0.102760,0.687428,0.324477,-1000.000000,Q2-im2col+gemm,0.324477,0.324477,0.802253,0.763634,5.138e-03,5.138e-03,-1.000e+00
resnet50,l2_3x3_s2,1,0.115606,0.497974,0.970138,-1000.000000,Q1-direct,0.497974,0.497974,1.357426,1.468442,5.567e-03,5.567e-03,-1.000e+00
resnet50,l2_1x1_up,4,0.051380,0.267984,0.254633,-1000.000000,Q2-im2col+gemm,0.254633,0.254633,0.456883,0.511217,4.533e-03,4.533e-03,-1.000e+00
resnet50,l2_ds_1x1_s2,1,0.102760,0.676070,0.488015,-1000.000000,Q2-im2col+gemm,0.488015,0.488015,0.899151,1.047250,5.001e-03,5.001e-03,-1.000e+00
resnet50,l2_1x1_red,3,0.051380,0.564023,0.225811,-1000.000000,Q2-im2col+gemm,0.225811,0.225811,0.550450,0.644401,5.436e-03,5.436e-03,-1.000e+00
resnet50,l2_3x3,3,0.115606,0.379154,0.952902,0.569924,Q1-direct,0.379154,0.379154,0.663463,1.854305,5.612e-03,5.612e-03,5.612e-03
resnet50,l3_1x1_red_s1,1,0.102760,0.562077,0.282143,-1000.000000,Q2-im2col+gemm,0.282143,0.282143,0.770251,0.786671,5.271e-03,5.271e-03,-1.000e+00
resnet50,l3_3x3_s2,1,0.115606,0.439076,0.864617,-1000.000000,Q1-direct,0.439076,0.439076,1.257143,1.419200,5.992e-03,5.992e-03,-1.000e+00
resnet50,l3_1x1_up,6,0.051380,0.266925,0.201432,-1000.000000,Q2-im2col+gemm,0.201432,0.201432,0.401568,0.578914,6.099e-03,6.099e-03,-1.000e+00
resnet50,l3_ds_1x1_s2,1,0.102760,0.516632,0.401260,-1000.000000,Q2-im2col+gemm,0.401260,0.401260,1.266271,1.066435,5.230e-03,5.230e-03,-1.000e+00
resnet50,l3_1x1_red,5,0.051380,0.356820,0.187039,-1000.000000,Q2-im2col+gemm,0.187039,0.187039,0.477717,0.519369,4.285e-03,4.285e-03,-1.000e+00
resnet50,l3_3x3,5,0.115606,0.333138,0.838992,0.616323,Q1-direct,0.333138,0.333138,0.688286,1.425928,5.076e-03,5.076e-03,5.076e-03
resnet50,l4_1x1_red_s1,1,0.102760,0.521679,0.289035,-1000.000000,Q2-im2col+gemm,0.289035,0.289035,0.766259,1.021286,5.203e-03,5.203e-03,-1.000e+00
resnet50,l4_3x3_s2,1,0.115606,0.613194,1.286072,-1000.000000,Q2-im2col+gemm,1.286072,0.613194,1.962770,2.165123,5.050e-03,5.050e-03,-1.000e+00
resnet50,l4_1x1_up,3,0.051380,0.305929,0.194843,-1000.000000,Q2-im2col+gemm,0.194843,0.194843,0.476478,0.848527,5.463e-03,5.463e-03,-1.000e+00
resnet50,l4_ds_1x1_s2,1,0.102760,0.689959,0.491112,-1000.000000,Q2-im2col+gemm,0.491112,0.491112,1.103905,2.085999,6.298e-03,6.298e-03,-1.000e+00
resnet50,l4_1x1_red,2,0.051380,0.400024,0.268784,-1000.000000,Q2-im2col+gemm,0.268784,0.268784,0.530275,0.984735,5.161e-03,5.161e-03,-1.000e+00
resnet50,l4_3x3,2,0.115606,0.642737,1.236365,0.778521,Q2-im2col+gemm,1.236365,0.642737,1.206184,1.712291,4.629e-03,4.629e-03,4.629e-03
