net,layer,mult,C,H,K,R,stride,gmac,G1_ms,G2_ms,G3F4_ms,G3F2_ms,openblas_ms,naive_ms,auto_algo,best_algo,auto_ms,best_ms,errG1,errG2,errF4,errF2
vgg16,conv1_1,1,3,224,64,3,1,0.086704,0.760574,1.232410,2.102712,1.668365,3.000580,-1000.000000,G1-direct,G1-direct,0.760574,0.760574,1.292e-07,1.292e-07,2.583e-06,1.937e-07
vgg16,conv1_2,1,64,224,64,3,1,1.849688,14.112137,13.522434,6.518402,8.288037,27.619816,-1000.000000,G3-winograd-F4,G3-winograd-F4,6.518402,6.518402,1.022e-06,7.151e-07,6.470e-06,6.130e-07
vgg16,conv2_1,1,64,112,128,3,1,0.924844,6.615737,6.875676,2.568002,3.445287,11.331066,-1000.000000,G3-winograd-F4,G3-winograd-F4,2.568002,2.568002,1.010e-06,5.769e-07,6.021e-06,7.211e-07
vgg16,conv2_2,1,128,112,128,3,1,1.849688,13.809303,13.020814,5.162582,6.835676,28.876266,-1000.000000,G3-winograd-F4,G3-winograd-F4,5.162582,5.162582,1.295e-06,5.454e-07,1.016e-05,5.454e-07
vgg16,conv3_1,1,128,56,256,3,1,0.924844,7.727983,6.900058,2.557404,3.217522,8.081602,-1000.000000,G3-winograd-F4,G3-winograd-F4,2.557404,2.557404,1.521e-06,4.943e-07,8.821e-06,5.989e-07
vgg16,conv3_2,2,256,56,256,3,1,1.849688,15.218408,13.429863,4.684260,6.657943,18.181772,-1000.000000,G3-winograd-F4,G3-winograd-F4,4.684260,4.684260,1.883e-06,5.070e-07,7.360e-06,5.432e-07
vgg16,conv4_1,1,256,28,512,3,1,0.924844,7.995591,7.513854,3.401766,3.631999,9.610376,-1000.000000,G3-winograd-F4,G3-winograd-F4,3.401766,3.401766,2.428e-06,4.700e-07,6.834e-06,5.875e-07
vgg16,conv4_2,2,512,28,512,3,1,1.849688,14.928443,14.844796,7.716287,7.752535,16.708520,-1000.000000,G3-winograd-F2,G3-winograd-F4,7.752535,7.716287,2.774e-06,4.623e-07,6.857e-06,4.815e-07
vgg16,conv5_x,3,512,14,512,3,1,0.462422,3.497620,4.687609,2.971879,2.458370,5.409141,-1000.000000,G3-winograd-F2,G3-winograd-F2,2.458370,2.458370,2.832e-06,4.582e-07,8.341e-06,5.415e-07
resnet50,stem7x7s2,1,3,224,64,7,2,0.118014,0.905729,0.930223,-1000.000000,-1000.000000,2.904384,-1000.000000,G1-direct,G1-direct,0.905729,0.905729,3.879e-07,3.879e-07,-1.000e+00,-1.000e+00
resnet50,l1_1x1_64,3,64,56,64,1,1,0.012845,0.333761,0.182154,-1000.000000,-1000.000000,0.194279,-1000.000000,G2-im2col+gemm,G2-im2col+gemm,0.182154,0.182154,2.539e-07,2.539e-07,-1.000e+00,-1.000e+00
resnet50,l1_3x3,3,64,56,64,3,1,0.115606,1.013892,1.047821,0.488573,0.557098,2.411246,-1000.000000,G3-winograd-F4,G3-winograd-F4,0.488573,0.488573,9.472e-07,5.328e-07,6.561e-06,5.920e-07
resnet50,l1_1x1_up,4,64,56,256,1,1,0.051380,0.661239,0.481540,-1000.000000,-1000.000000,0.461653,-1000.000000,G2-im2col+gemm,G2-im2col+gemm,0.481540,0.481540,2.958e-07,2.958e-07,-1.000e+00,-1.000e+00
resnet50,l2_1x1_red_s1,1,256,56,128,1,1,0.102760,1.467517,0.754786,-1000.000000,-1000.000000,0.810788,-1000.000000,G2-im2col+gemm,G2-im2col+gemm,0.754786,0.754786,6.035e-07,6.035e-07,-1.000e+00,-1.000e+00
resnet50,l2_3x3_s2,1,128,56,128,3,2,0.115606,1.406798,1.294275,-1000.000000,-1000.000000,1.353536,-1000.000000,G1-direct,G2-im2col+gemm,1.406798,1.294275,1.141e-06,3.934e-07,-1.000e+00,-1.000e+00
resnet50,l2_1x1_up,4,128,28,512,1,1,0.051380,0.628539,0.402560,-1000.000000,-1000.000000,0.588760,-1000.000000,G2-im2col+gemm,G2-im2col+gemm,0.402560,0.402560,3.785e-07,3.785e-07,-1.000e+00,-1.000e+00
resnet50,l2_ds_1x1_s2,1,256,56,512,1,2,0.102760,1.283265,0.829027,-1000.000000,-1000.000000,0.951404,-1000.000000,G2-im2col+gemm,G2-im2col+gemm,0.829027,0.829027,6.715e-07,6.715e-07,-1.000e+00,-1.000e+00
resnet50,l2_1x1_red,3,512,28,128,1,1,0.051380,0.824253,0.473180,-1000.000000,-1000.000000,0.348448,-1000.000000,G2-im2col+gemm,G2-im2col+gemm,0.473180,0.473180,6.836e-07,4.937e-07,-1.000e+00,-1.000e+00
resnet50,l2_3x3,3,128,28,128,3,1,0.115606,1.030518,1.237280,0.597845,0.659518,2.259714,-1000.000000,G3-winograd-F4,G3-winograd-F4,0.597845,0.597845,1.075e-06,3.841e-07,6.952e-06,5.113e-07
resnet50,l3_1x1_red_s1,1,512,28,256,1,1,0.102760,1.118673,0.743652,-1000.000000,-1000.000000,0.757009,-1000.000000,G2-im2col+gemm,G2-im2col+gemm,0.743652,0.743652,7.967e-07,3.621e-07,-1.000e+00,-1.000e+00
resnet50,l3_3x3_s2,1,256,28,256,3,2,0.115606,1.283560,1.575006,-1000.000000,-1000.000000,1.401808,-1000.000000,G1-direct,G1-direct,1.283560,1.283560,1.790e-06,4.476e-07,-1.000e+00,-1.000e+00
resnet50,l3_1x1_up,6,256,14,1024,1,1,0.051380,0.549723,0.429695,-1000.000000,-1000.000000,0.543397,-1000.000000,G2-im2col+gemm,G2-im2col+gemm,0.429695,0.429695,6.205e-07,6.205e-07,-1.000e+00,-1.000e+00
resnet50,l3_ds_1x1_s2,1,512,28,1024,1,2,0.102760,1.293778,0.958528,-1000.000000,-1000.000000,1.140247,-1000.000000,G1-direct,G2-im2col+gemm,1.293778,0.958528,1.236e-06,6.567e-07,-1.000e+00,-1.000e+00
resnet50,l3_1x1_red,5,1024,14,256,1,1,0.051380,0.680021,0.474691,-1000.000000,-1000.000000,0.518874,-1000.000000,G2-im2col+gemm,G2-im2col+gemm,0.474691,0.474691,1.091e-06,3.638e-07,-1.000e+00,-1.000e+00
resnet50,l3_3x3,5,256,14,256,3,1,0.115606,0.901185,1.531004,0.673329,0.740232,1.334682,-1000.000000,G3-winograd-F4,G3-winograd-F4,0.673329,0.673329,1.362e-06,4.005e-07,7.370e-06,4.806e-07
resnet50,l4_1x1_red_s1,1,1024,14,512,1,1,0.102760,1.131421,0.796487,-1000.000000,-1000.000000,1.008962,-1000.000000,G2-im2col+gemm,G2-im2col+gemm,0.796487,0.796487,9.659e-07,3.864e-07,-1.000e+00,-1.000e+00
resnet50,l4_3x3_s2,1,512,14,512,3,2,0.115606,2.238882,1.887433,-1000.000000,-1000.000000,2.280833,-1000.000000,G2-im2col+gemm,G2-im2col+gemm,1.887433,1.887433,1.912e-06,3.476e-07,-1.000e+00,-1.000e+00
resnet50,l4_1x1_up,3,512,7,2048,1,1,0.051380,0.772127,0.471961,-1000.000000,-1000.000000,0.663422,-1000.000000,G2-im2col+gemm,G2-im2col+gemm,0.471961,0.471961,9.190e-07,3.133e-07,-1.000e+00,-1.000e+00
resnet50,l4_ds_1x1_s2,1,1024,14,2048,1,2,0.102760,2.118025,1.117805,-1000.000000,-1000.000000,1.868993,-1000.000000,G2-im2col+gemm,G2-im2col+gemm,1.117805,1.117805,1.175e-06,5.035e-07,-1.000e+00,-1.000e+00
resnet50,l4_1x1_red,2,2048,7,512,1,1,0.051380,1.029035,0.535310,-1000.000000,-1000.000000,0.665224,-1000.000000,G2-im2col+gemm,G2-im2col+gemm,0.535310,0.535310,1.272e-06,3.578e-07,-1.000e+00,-1.000e+00
resnet50,l4_3x3,2,512,7,512,3,1,0.115606,1.625082,1.869488,2.183698,1.102551,1.746578,-1000.000000,G3-winograd-F2,G3-winograd-F2,1.102551,1.102551,1.801e-06,3.537e-07,5.402e-06,4.716e-07
